"GAME_DT","HOME_TEAM_ID","PARK_ID","ATTEND_PARK_CT"
"19800417","ATL","ATL01",15742
"19800418","ATL","ATL01",5624
"19800419","ATL","ATL01",9684
"19800420","ATL","ATL01",8002
"19800422","ATL","ATL01",4710
"19800423","ATL","ATL01",4166
"19800424","ATL","ATL01",4498
"19800425","ATL","ATL01",6929
"19800426","ATL","ATL01",13705
"19800427","ATL","ATL01",12917
"19800509","ATL","ATL01",11111
"19800510","ATL","ATL01",13798
"19800511","ATL","ATL01",10871
"19800513","ATL","ATL01",10146
"19800514","ATL","ATL01",4625
"19800516","ATL","ATL01",6135
"19800518","ATL","ATL01",0
"19800518","ATL","ATL01",11807
"19800526","ATL","ATL01",5822
"19800527","ATL","ATL01",5277
"19800528","ATL","ATL01",5500
"19800606","ATL","ATL01",18331
"19800607","ATL","ATL01",25723
"19800608","ATL","ATL01",12543
"19800609","ATL","ATL01",6513
"19800610","ATL","ATL01",6763
"19800611","ATL","ATL01",6755
"19800618","ATL","ATL01",0
"19800618","ATL","ATL01",17154
"19800619","ATL","ATL01",10585
"19800620","ATL","ATL01",10273
"19800621","ATL","ATL01",14516
"19800622","ATL","ATL01",15070
"19800630","ATL","ATL01",8208
"19800701","ATL","ATL01",9546
"19800702","ATL","ATL01",21908
"19800703","ATL","ATL01",15769
"19800704","ATL","ATL01",46071
"19800705","ATL","ATL01",18932
"19800706","ATL","ATL01",14302
"19800710","ATL","ATL01",19177
"19800711","ATL","ATL01",26139
"19800715","ATL","ATL01",21608
"19800716","ATL","ATL01",5414
"19800717","ATL","ATL01",7107
"19800718","ATL","ATL01",13908
"19800719","ATL","ATL01",0
"19800719","ATL","ATL01",35524
"19800720","ATL","ATL01",9335
"19800721","ATL","ATL01",6894
"19800722","ATL","ATL01",37108
"19800723","ATL","ATL01",10873
"19800804","ATL","ATL01",30330
"19800805","ATL","ATL01",10187
"19800806","ATL","ATL01",9441
"19800807","ATL","ATL01",10056
"19800808","ATL","ATL01",9014
"19800809","ATL","ATL01",17906
"19800810","ATL","ATL01",9027
"19800819","ATL","ATL01",9485
"19800820","ATL","ATL01",7549
"19800821","ATL","ATL01",9617
"19800822","ATL","ATL01",11854
"19800823","ATL","ATL01",21099
"19800824","ATL","ATL01",12512
"19800905","ATL","ATL01",29610
"19800906","ATL","ATL01",17821
"19800907","ATL","ATL01",19762
"19800908","ATL","ATL01",15951
"19800909","ATL","ATL01",14165
"19800910","ATL","ATL01",10516
"19800912","ATL","ATL01",8881
"19800913","ATL","ATL01",12990
"19800914","ATL","ATL01",9270
"19800915","ATL","ATL01",8025
"19800916","ATL","ATL01",31279
"19800924","ATL","ATL01",24897
"19800925","ATL","ATL01",7926
"19800926","ATL","ATL01",6578
"19800927","ATL","ATL01",19486
"19800415","BAL","BAL11",50199
"19800416","BAL","BAL11",7473
"19800417","BAL","BAL11",7166
"19800418","BAL","BAL11",13112
"19800419","BAL","BAL11",25239
"19800420","BAL","BAL11",21617
"19800429","BAL","BAL11",21440
"19800430","BAL","BAL11",17166
"19800505","BAL","BAL11",12418
"19800506","BAL","BAL11",10720
"19800507","BAL","BAL11",11357
"19800512","BAL","BAL11",13184
"19800513","BAL","BAL11",12707
"19800514","BAL","BAL11",16762
"19800522","BAL","BAL11",15835
"19800523","BAL","BAL11",16274
"19800524","BAL","BAL11",29384
"19800525","BAL","BAL11",24558
"19800526","BAL","BAL11",14298
"19800527","BAL","BAL11",10092
"19800528","BAL","BAL11",12178
"19800602","BAL","BAL11",14525
"19800603","BAL","BAL11",16143
"19800604","BAL","BAL11",20831
"19800616","BAL","BAL11",18683
"19800617","BAL","BAL11",17549
"19800618","BAL","BAL11",17436
"19800619","BAL","BAL11",15491
"19800620","BAL","BAL11",23107
"19800621","BAL","BAL11",28371
"19800622","BAL","BAL11",42497
"19800624","BAL","BAL11",14884
"19800625","BAL","BAL11",14588
"19800626","BAL","BAL11",13023
"19800703","BAL","BAL11",29502
"19800704","BAL","BAL11",28668
"19800705","BAL","BAL11",28251
"19800706","BAL","BAL11",31085
"19800712","BAL","BAL11",41514
"19800713","BAL","BAL11",21311
"19800714","BAL","BAL11",23504
"19800718","BAL","BAL11",22659
"19800719","BAL","BAL11",27277
"19800720","BAL","BAL11",20012
"19800725","BAL","BAL11",29716
"19800726","BAL","BAL11",31610
"19800727","BAL","BAL11",22571
"19800801","BAL","BAL11",21839
"19800802","BAL","BAL11",21981
"19800803","BAL","BAL11",16526
"19800805","BAL","BAL11",14303
"19800806","BAL","BAL11",21538
"19800807","BAL","BAL11",21750
"19800814","BAL","BAL11",49952
"19800815","BAL","BAL11",50434
"19800816","BAL","BAL11",51649
"19800817","BAL","BAL11",50073
"19800818","BAL","BAL11",51528
"19800828","BAL","BAL11",30968
"19800829","BAL","BAL11",33542
"19800830","BAL","BAL11",38234
"19800831","BAL","BAL11",23746
"19800901","BAL","BAL11",40304
"19800902","BAL","BAL11",7658
"19800903","BAL","BAL11",12110
"19800904","BAL","BAL11",12249
"19800905","BAL","BAL11",24587
"19800906","BAL","BAL11",33472
"19800907","BAL","BAL11",22529
"19800916","BAL","BAL11",10992
"19800917","BAL","BAL11",9915
"19800918","BAL","BAL11",10272
"19800919","BAL","BAL11",12706
"19800920","BAL","BAL11",16269
"19800921","BAL","BAL11",14251
"19800922","BAL","BAL11",23260
"19800923","BAL","BAL11",20798
"19800924","BAL","BAL11",21436
"19801004","BAL","BAL11",0
"19801004","BAL","BAL11",15755
"19801005","BAL","BAL11",20407
"19800414","BOS","BOS07",33512
"19800416","BOS","BOS07",9238
"19800417","BOS","BOS07",8626
"19800418","BOS","BOS07",10580
"19800419","BOS","BOS07",22715
"19800420","BOS","BOS07",23696
"19800421","BOS","BOS07",27990
"19800422","BOS","BOS07",13230
"19800424","BOS","BOS07",12385
"19800509","BOS","BOS07",28597
"19800510","BOS","BOS07",30519
"19800511","BOS","BOS07",24685
"19800512","BOS","BOS07",18486
"19800513","BOS","BOS07",19032
"19800514","BOS","BOS07",24590
"19800523","BOS","BOS07",21857
"19800524","BOS","BOS07",22719
"19800525","BOS","BOS07",24391
"19800526","BOS","BOS07",18853
"19800527","BOS","BOS07",16679
"19800528","BOS","BOS07",18215
"19800530","BOS","BOS07",28238
"19800531","BOS","BOS07",30381
"19800601","BOS","BOS07",31157
"19800616","BOS","BOS07",25026
"19800617","BOS","BOS07",24722
"19800618","BOS","BOS07",22230
"19800619","BOS","BOS07",23032
"19800620","BOS","BOS07",28780
"19800621","BOS","BOS07",33442
"19800622","BOS","BOS07",30938
"19800627","BOS","BOS07",31607
"19800628","BOS","BOS07",30914
"19800630","BOS","BOS07",33858
"19800701","BOS","BOS07",35026
"19800702","BOS","BOS07",33971
"19800712","BOS","BOS07",31302
"19800713","BOS","BOS07",31228
"19800714","BOS","BOS07",26044
"19800715","BOS","BOS07",26865
"19800716","BOS","BOS07",27213
"19800717","BOS","BOS07",25619
"19800718","BOS","BOS07",28116
"19800719","BOS","BOS07",32820
"19800720","BOS","BOS07",28493
"19800721","BOS","BOS07",24953
"19800722","BOS","BOS07",24076
"19800723","BOS","BOS07",25055
"19800804","BOS","BOS07",27864
"19800805","BOS","BOS07",27996
"19800806","BOS","BOS07",28033
"19800807","BOS","BOS07",27966
"19800808","BOS","BOS07",29326
"19800809","BOS","BOS07",32719
"19800810","BOS","BOS07",30124
"19800828","BOS","BOS07",28262
"19800829","BOS","BOS07",28666
"19800830","BOS","BOS07",27146
"19800831","BOS","BOS07",32022
"19800901","BOS","BOS07",23877
"19800902","BOS","BOS07",19693
"19800903","BOS","BOS07",22340
"19800904","BOS","BOS07",18256
"19800905","BOS","BOS07",20420
"19800906","BOS","BOS07",23317
"19800907","BOS","BOS07",23360
"19800911","BOS","BOS07",32979
"19800912","BOS","BOS07",33787
"19800913","BOS","BOS07",33375
"19800914","BOS","BOS07",33296
"19800916","BOS","BOS07",14630
"19800917","BOS","BOS07",15321
"19800918","BOS","BOS07",14845
"19800929","BOS","BOS07",0
"19800929","BOS","BOS07",23002
"19800930","BOS","BOS07",18393
"19801001","BOS","BOS07",16781
"19801002","BOS","BOS07",11872
"19801004","BOS","BOS07",0
"19801004","BOS","BOS07",14179
"19801005","BOS","BOS07",16562
"19800411","CAL","ANA01",37085
"19800412","CAL","ANA01",32353
"19800413","CAL","ANA01",33628
"19800414","CAL","ANA01",24944
"19800415","CAL","ANA01",26105
"19800416","CAL","ANA01",27575
"19800428","CAL","ANA01",30889
"19800429","CAL","ANA01",32334
"19800430","CAL","ANA01",22551
"19800501","CAL","ANA01",22260
"19800502","CAL","ANA01",29674
"19800503","CAL","ANA01",40376
"19800504","CAL","ANA01",27584
"19800506","CAL","ANA01",23804
"19800507","CAL","ANA01",21733
"19800508","CAL","ANA01",23006
"19800509","CAL","ANA01",27269
"19800510","CAL","ANA01",35007
"19800511","CAL","ANA01",31089
"19800523","CAL","ANA01",26270
"19800524","CAL","ANA01",34938
"19800525","CAL","ANA01",30325
"19800526","CAL","ANA01",34708
"19800527","CAL","ANA01",22935
"19800528","CAL","ANA01",24531
"19800606","CAL","ANA01",28985
"19800607","CAL","ANA01",37266
"19800608","CAL","ANA01",34163
"19800609","CAL","ANA01",30126
"19800610","CAL","ANA01",38996
"19800611","CAL","ANA01",39593
"19800612","CAL","ANA01",27960
"19800613","CAL","ANA01",32161
"19800614","CAL","ANA01",32133
"19800615","CAL","ANA01",40261
"19800624","CAL","ANA01",25142
"19800625","CAL","ANA01",25372
"19800626","CAL","ANA01",24755
"19800627","CAL","ANA01",27389
"19800628","CAL","ANA01",40528
"19800629","CAL","ANA01",27838
"19800712","CAL","ANA01",32186
"19800713","CAL","ANA01",24393
"19800714","CAL","ANA01",31375
"19800715","CAL","ANA01",22951
"19800716","CAL","ANA01",23414
"19800717","CAL","ANA01",22796
"19800718","CAL","ANA01",23866
"19800719","CAL","ANA01",35221
"19800720","CAL","ANA01",23903
"19800721","CAL","ANA01",24594
"19800722","CAL","ANA01",24137
"19800723","CAL","ANA01",26648
"19800804","CAL","ANA01",31634
"19800805","CAL","ANA01",22326
"19800806","CAL","ANA01",22599
"19800807","CAL","ANA01",24195
"19800808","CAL","ANA01",25373
"19800809","CAL","ANA01",32560
"19800810","CAL","ANA01",23007
"19800819","CAL","ANA01",34116
"19800820","CAL","ANA01",27013
"19800821","CAL","ANA01",26189
"19800822","CAL","ANA01",40372
"19800823","CAL","ANA01",38331
"19800824","CAL","ANA01",38606
"19800825","CAL","ANA01",25653
"19800826","CAL","ANA01",29007
"19800908","CAL","ANA01",23050
"19800909","CAL","ANA01",24131
"19800910","CAL","ANA01",24762
"19800911","CAL","ANA01",22844
"19800912","CAL","ANA01",23006
"19800913","CAL","ANA01",26060
"19800914","CAL","ANA01",28561
"19800926","CAL","ANA01",22578
"19800927","CAL","ANA01",20398
"19800928","CAL","ANA01",29012
"19800929","CAL","ANA01",19869
"19800930","CAL","ANA01",20059
"19801001","CAL","ANA01",20891
"19800410","CHA","CHI10",35539
"19800411","CHA","CHI10",3902
"19800412","CHA","CHI10",15060
"19800413","CHA","CHI10",16279
"19800415","CHA","CHI10",6614
"19800416","CHA","CHI10",9680
"19800417","CHA","CHI10",5555
"19800429","CHA","CHI10",9253
"19800430","CHA","CHI10",10626
"19800501","CHA","CHI10",8155
"19800502","CHA","CHI10",22276
"19800503","CHA","CHI10",27680
"19800504","CHA","CHI10",36692
"19800505","CHA","CHI10",27871
"19800506","CHA","CHI10",7938
"19800507","CHA","CHI10",7584
"19800508","CHA","CHI10",7410
"19800516","CHA","CHI10",12689
"19800517","CHA","CHI10",8419
"19800518","CHA","CHI10",24625
"19800519","CHA","CHI10",9272
"19800520","CHA","CHI10",12864
"19800521","CHA","CHI10",33967
"19800602","CHA","CHI10",10586
"19800603","CHA","CHI10",12232
"19800604","CHA","CHI10",0
"19800604","CHA","CHI10",16000
"19800606","CHA","CHI10",20231
"19800608","CHA","CHI10",31593
"19800610","CHA","CHI10",18225
"19800611","CHA","CHI10",17537
"19800620","CHA","CHI10",27241
"19800621","CHA","CHI10",23990
"19800622","CHA","CHI10",0
"19800622","CHA","CHI10",27100
"19800630","CHA","CHI10",17678
"19800701","CHA","CHI10",17116
"19800702","CHA","CHI10",11653
"19800703","CHA","CHI10",32506
"19800704","CHA","CHI10",11428
"19800705","CHA","CHI10",20559
"19800706","CHA","CHI10",0
"19800706","CHA","CHI10",16436
"19800710","CHA","CHI10",21839
"19800711","CHA","CHI10",28457
"19800712","CHA","CHI10",34308
"19800713","CHA","CHI10",28984
"19800714","CHA","CHI10",25185
"19800725","CHA","CHI10",22491
"19800726","CHA","CHI10",0
"19800726","CHA","CHI10",21503
"19800727","CHA","CHI10",0
"19800727","CHA","CHI10",12364
"19800729","CHA","CHI10",31832
"19800730","CHA","CHI10",13344
"19800801","CHA","CHI10",23316
"19800802","CHA","CHI10",14905
"19800803","CHA","CHI10",14329
"19800815","CHA","CHI10",22521
"19800818","CHA","CHI10",0
"19800818","CHA","CHI10",16270
"19800819","CHA","CHI10",10001
"19800820","CHA","CHI10",8696
"19800821","CHA","CHI10",15303
"19800822","CHA","CHI10",15033
"19800823","CHA","CHI10",10768
"19800824","CHA","CHI10",17156
"19800826","CHA","CHI10",10061
"19800827","CHA","CHI10",12582
"19800908","CHA","CHI10",5184
"19800909","CHA","CHI10",5247
"19800910","CHA","CHI10",3028
"19800912","CHA","CHI10",10161
"19800913","CHA","CHI10",7988
"19800914","CHA","CHI10",11288
"19800930","CHA","CHI10",18903
"19801001","CHA","CHI10",2258
"19801002","CHA","CHI10",2202
"19801003","CHA","CHI10",6722
"19801004","CHA","CHI10",7788
"19801005","CHA","CHI10",8795
"19800417","CHN","CHI11",33313
"19800419","CHN","CHI11",20328
"19800420","CHN","CHI11",23554
"19800422","CHN","CHI11",18889
"19800423","CHN","CHI11",10429
"19800425","CHN","CHI11",7714
"19800426","CHN","CHI11",32992
"19800506","CHN","CHI11",9908
"19800507","CHN","CHI11",7401
"19800508","CHN","CHI11",6692
"19800509","CHN","CHI11",8403
"19800510","CHN","CHI11",26646
"19800511","CHN","CHI11",15435
"19800523","CHN","CHI11",7482
"19800524","CHN","CHI11",22543
"19800525","CHN","CHI11",27226
"19800526","CHN","CHI11",31845
"19800527","CHN","CHI11",11677
"19800528","CHN","CHI11",12778
"19800530","CHN","CHI11",8632
"19800531","CHN","CHI11",26937
"19800601","CHN","CHI11",20051
"19800613","CHN","CHI11",14470
"19800614","CHN","CHI11",25108
"19800615","CHN","CHI11",11421
"19800616","CHN","CHI11",15289
"19800617","CHN","CHI11",19480
"19800618","CHN","CHI11",19196
"19800619","CHN","CHI11",13185
"19800624","CHN","CHI11",15961
"19800625","CHN","CHI11",0
"19800625","CHN","CHI11",19144
"19800626","CHN","CHI11",11094
"19800627","CHN","CHI11",22176
"19800628","CHN","CHI11",0
"19800628","CHN","CHI11",36430
"19800629","CHN","CHI11",32578
"19800715","CHN","CHI11",20257
"19800716","CHN","CHI11",18638
"19800717","CHN","CHI11",21389
"19800718","CHN","CHI11",14007
"19800719","CHN","CHI11",24369
"19800720","CHN","CHI11",23325
"19800721","CHN","CHI11",15786
"19800722","CHN","CHI11",17150
"19800723","CHN","CHI11",29189
"19800805","CHN","CHI11",22939
"19800806","CHN","CHI11",0
"19800806","CHN","CHI11",24305
"19800807","CHN","CHI11",28364
"19800808","CHN","CHI11",14706
"19800809","CHN","CHI11",0
"19800809","CHN","CHI11",28306
"19800810","CHN","CHI11",20463
"19800811","CHN","CHI11",10805
"19800812","CHN","CHI11",20808
"19800813","CHN","CHI11",13215
"19800828","CHN","CHI11",18694
"19800829","CHN","CHI11",9994
"19800830","CHN","CHI11",18803
"19800831","CHN","CHI11",14823
"19800901","CHN","CHI11",11647
"19800902","CHN","CHI11",4013
"19800903","CHN","CHI11",1480
"19800905","CHN","CHI11",5386
"19800906","CHN","CHI11",0
"19800906","CHN","CHI11",22086
"19800907","CHN","CHI11",10328
"19800915","CHN","CHI11",2089
"19800916","CHN","CHI11",3019
"19800917","CHN","CHI11",3044
"19800919","CHN","CHI11",4352
"19800920","CHN","CHI11",11713
"19800921","CHN","CHI11",10190
"19800922","CHN","CHI11",1171
"19800923","CHN","CHI11",1936
"19800924","CHN","CHI11",2915
"19800925","CHN","CHI11",2660
"19800926","CHN","CHI11",3941
"19800927","CHN","CHI11",15565
"19800928","CHN","CHI11",10305
"19800409","CIN","CIN08",51774
"19800411","CIN","CIN08",12902
"19800412","CIN","CIN08",11839
"19800413","CIN","CIN08",32996
"19800414","CIN","CIN08",10296
"19800415","CIN","CIN08",11544
"19800416","CIN","CIN08",15603
"19800429","CIN","CIN08",18092
"19800430","CIN","CIN08",19821
"19800501","CIN","CIN08",18215
"19800502","CIN","CIN08",25993
"19800503","CIN","CIN08",27165
"19800504","CIN","CIN08",0
"19800504","CIN","CIN08",32041
"19800509","CIN","CIN08",32583
"19800510","CIN","CIN08",28919
"19800511","CIN","CIN08",25920
"19800513","CIN","CIN08",18732
"19800514","CIN","CIN08",21785
"19800523","CIN","CIN08",23311
"19800524","CIN","CIN08",30024
"19800525","CIN","CIN08",27433
"19800526","CIN","CIN08",0
"19800526","CIN","CIN08",29483
"19800527","CIN","CIN08",20296
"19800606","CIN","CIN08",23329
"19800607","CIN","CIN08",27004
"19800608","CIN","CIN08",26272
"19800609","CIN","CIN08",19688
"19800610","CIN","CIN08",26648
"19800611","CIN","CIN08",29211
"19800612","CIN","CIN08",31557
"19800620","CIN","CIN08",32640
"19800621","CIN","CIN08",31186
"19800622","CIN","CIN08",29182
"19800624","CIN","CIN08",22682
"19800625","CIN","CIN08",32603
"19800704","CIN","CIN08",37047
"19800705","CIN","CIN08",0
"19800705","CIN","CIN08",44083
"19800706","CIN","CIN08",30045
"19800712","CIN","CIN08",0
"19800712","CIN","CIN08",35584
"19800713","CIN","CIN08",25014
"19800714","CIN","CIN08",20158
"19800715","CIN","CIN08",21589
"19800716","CIN","CIN08",20023
"19800717","CIN","CIN08",20290
"19800718","CIN","CIN08",0
"19800718","CIN","CIN08",30026
"19800719","CIN","CIN08",40079
"19800720","CIN","CIN08",24081
"19800721","CIN","CIN08",27177
"19800722","CIN","CIN08",28079
"19800723","CIN","CIN08",29614
"19800804","CIN","CIN08",0
"19800804","CIN","CIN08",25162
"19800805","CIN","CIN08",23180
"19800806","CIN","CIN08",27070
"19800808","CIN","CIN08",40339
"19800809","CIN","CIN08",45095
"19800810","CIN","CIN08",35179
"19800818","CIN","CIN08",25404
"19800819","CIN","CIN08",32751
"19800820","CIN","CIN08",30013
"19800822","CIN","CIN08",37936
"19800823","CIN","CIN08",43482
"19800824","CIN","CIN08",37072
"19800825","CIN","CIN08",20330
"19800826","CIN","CIN08",20632
"19800912","CIN","CIN08",36287
"19800913","CIN","CIN08",38542
"19800914","CIN","CIN08",34038
"19800915","CIN","CIN08",16002
"19800916","CIN","CIN08",12206
"19800917","CIN","CIN08",25092
"19800918","CIN","CIN08",23861
"19800930","CIN","CIN08",14779
"19801001","CIN","CIN08",11764
"19801003","CIN","CIN08",18868
"19801004","CIN","CIN08",14376
"19801005","CIN","CIN08",30478
"19800419","CLE","CLE07",61753
"19800420","CLE","CLE07",11220
"19800425","CLE","CLE07",7126
"19800426","CLE","CLE07",7092
"19800427","CLE","CLE07",12879
"19800429","CLE","CLE07",4008
"19800514","CLE","CLE07",4976
"19800515","CLE","CLE07",6700
"19800516","CLE","CLE07",10157
"19800517","CLE","CLE07",20245
"19800518","CLE","CLE07",28724
"19800519","CLE","CLE07",5409
"19800520","CLE","CLE07",0
"19800520","CLE","CLE07",11856
"19800521","CLE","CLE07",6739
"19800529","CLE","CLE07",6149
"19800530","CLE","CLE07",18161
"19800531","CLE","CLE07",11107
"19800601","CLE","CLE07",25376
"19800602","CLE","CLE07",4445
"19800603","CLE","CLE07",4597
"19800604","CLE","CLE07",8608
"19800610","CLE","CLE07",6061
"19800611","CLE","CLE07",0
"19800611","CLE","CLE07",13712
"19800613","CLE","CLE07",11336
"19800614","CLE","CLE07",12948
"19800615","CLE","CLE07",25182
"19800616","CLE","CLE07",11184
"19800617","CLE","CLE07",9614
"19800623","CLE","CLE07",19564
"19800624","CLE","CLE07",11692
"19800625","CLE","CLE07",11873
"19800703","CLE","CLE07",73096
"19800704","CLE","CLE07",21312
"19800705","CLE","CLE07",36614
"19800706","CLE","CLE07",43209
"19800725","CLE","CLE07",0
"19800725","CLE","CLE07",23791
"19800726","CLE","CLE07",17624
"19800728","CLE","CLE07",5712
"19800729","CLE","CLE07",8600
"19800730","CLE","CLE07",10352
"19800801","CLE","CLE07",16439
"19800803","CLE","CLE07",0
"19800803","CLE","CLE07",17587
"19800804","CLE","CLE07",7583
"19800805","CLE","CLE07",6707
"19800806","CLE","CLE07",9098
"19800807","CLE","CLE07",9586
"19800812","CLE","CLE07",9960
"19800813","CLE","CLE07",13449
"19800814","CLE","CLE07",10888
"19800815","CLE","CLE07",16031
"19800816","CLE","CLE07",17883
"19800817","CLE","CLE07",0
"19800817","CLE","CLE07",23562
"19800825","CLE","CLE07",14211
"19800826","CLE","CLE07",6483
"19800827","CLE","CLE07",7572
"19800829","CLE","CLE07",9044
"19800830","CLE","CLE07",11787
"19800831","CLE","CLE07",0
"19800831","CLE","CLE07",19131
"19800905","CLE","CLE07",21808
"19800906","CLE","CLE07",27352
"19800907","CLE","CLE07",8990
"19800908","CLE","CLE07",5506
"19800909","CLE","CLE07",5182
"19800910","CLE","CLE07",5242
"19800912","CLE","CLE07",9961
"19800913","CLE","CLE07",6380
"19800914","CLE","CLE07",0
"19800914","CLE","CLE07",10189
"19800926","CLE","CLE07",6362
"19800927","CLE","CLE07",9989
"19800928","CLE","CLE07",10631
"19800930","CLE","CLE07",11919
"19801001","CLE","CLE07",19037
"19800418","DET","DET04",50687
"19800419","DET","DET04",13583
"19800420","DET","DET04",18755
"19800425","DET","DET04",11581
"19800426","DET","DET04",20261
"19800427","DET","DET04",16882
"19800429","DET","DET04",7941
"19800430","DET","DET04",8056
"19800513","DET","DET04",13332
"19800514","DET","DET04",16694
"19800516","DET","DET04",34243
"19800518","DET","DET04",24485
"19800519","DET","DET04",27715
"19800520","DET","DET04",31194
"19800521","DET","DET04",32478
"19800530","DET","DET04",22163
"19800531","DET","DET04",23350
"19800602","DET","DET04",12291
"19800603","DET","DET04",13942
"19800604","DET","DET04",14566
"19800610","DET","DET04",12399
"19800611","DET","DET04",16017
"19800612","DET","DET04",15630
"19800613","DET","DET04",33767
"19800614","DET","DET04",31008
"19800616","DET","DET04",0
"19800616","DET","DET04",37040
"19800617","DET","DET04",24942
"19800630","DET","DET04",30085
"19800701","DET","DET04",27830
"19800702","DET","DET04",25981
"19800703","DET","DET04",30027
"19800704","DET","DET04",29370
"19800705","DET","DET04",32925
"19800706","DET","DET04",28564
"19800725","DET","DET04",41229
"19800726","DET","DET04",39758
"19800727","DET","DET04",0
"19800727","DET","DET04",44093
"19800728","DET","DET04",25804
"19800729","DET","DET04",23020
"19800730","DET","DET04",21907
"19800731","DET","DET04",19850
"19800801","DET","DET04",0
"19800801","DET","DET04",32910
"19800802","DET","DET04",23278
"19800803","DET","DET04",25454
"19800804","DET","DET04",37016
"19800805","DET","DET04",27469
"19800806","DET","DET04",29115
"19800811","DET","DET04",28222
"19800812","DET","DET04",48361
"19800813","DET","DET04",24565
"19800814","DET","DET04",25579
"19800815","DET","DET04",30247
"19800816","DET","DET04",33868
"19800817","DET","DET04",0
"19800817","DET","DET04",42117
"19800828","DET","DET04",26318
"19800829","DET","DET04",24400
"19800830","DET","DET04",26051
"19800831","DET","DET04",21684
"19800901","DET","DET04",11412
"19800902","DET","DET04",0
"19800902","DET","DET04",13651
"19800903","DET","DET04",10395
"19800905","DET","DET04",16980
"19800906","DET","DET04",18249
"19800907","DET","DET04",20009
"19800908","DET","DET04",0
"19800908","DET","DET04",19445
"19800909","DET","DET04",13450
"19800910","DET","DET04",14155
"19800919","DET","DET04",10822
"19800920","DET","DET04",10985
"19800921","DET","DET04",10682
"19800922","DET","DET04",6210
"19800923","DET","DET04",6363
"19800924","DET","DET04",7129
"19800926","DET","DET04",30864
"19800927","DET","DET04",27318
"19800928","DET","DET04",25142
"19800410","HOU","HOU02",33270
"19800411","HOU","HOU02",30701
"19800412","HOU","HOU02",24609
"19800413","HOU","HOU02",33676
"19800414","HOU","HOU02",15017
"19800415","HOU","HOU02",15712
"19800421","HOU","HOU02",29067
"19800422","HOU","HOU02",30094
"19800423","HOU","HOU02",29828
"19800425","HOU","HOU02",24140
"19800426","HOU","HOU02",44540
"19800427","HOU","HOU02",20828
"19800513","HOU","HOU02",24835
"19800514","HOU","HOU02",20636
"19800516","HOU","HOU02",33610
"19800517","HOU","HOU02",43525
"19800518","HOU","HOU02",33950
"19800526","HOU","HOU02",18242
"19800527","HOU","HOU02",18246
"19800528","HOU","HOU02",19697
"19800606","HOU","HOU02",26822
"19800607","HOU","HOU02",42263
"19800608","HOU","HOU02",28327
"19800609","HOU","HOU02",19022
"19800610","HOU","HOU02",22201
"19800611","HOU","HOU02",31599
"19800618","HOU","HOU02",24459
"19800619","HOU","HOU02",24663
"19800620","HOU","HOU02",35955
"19800621","HOU","HOU02",45867
"19800622","HOU","HOU02",46213
"19800623","HOU","HOU02",29753
"19800624","HOU","HOU02",34388
"19800625","HOU","HOU02",34416
"19800627","HOU","HOU02",36648
"19800628","HOU","HOU02",44025
"19800629","HOU","HOU02",38408
"19800712","HOU","HOU02",38610
"19800713","HOU","HOU02",0
"19800713","HOU","HOU02",31230
"19800714","HOU","HOU02",20247
"19800715","HOU","HOU02",24223
"19800716","HOU","HOU02",28532
"19800717","HOU","HOU02",26403
"19800718","HOU","HOU02",26389
"19800719","HOU","HOU02",40499
"19800719","HOU","HOU02",39507
"19800720","HOU","HOU02",28513
"19800721","HOU","HOU02",20548
"19800722","HOU","HOU02",26815
"19800723","HOU","HOU02",30236
"19800804","HOU","HOU02",27040
"19800805","HOU","HOU02",24198
"19800806","HOU","HOU02",23478
"19800807","HOU","HOU02",20044
"19800808","HOU","HOU02",15207
"19800809","HOU","HOU02",21233
"19800810","HOU","HOU02",20514
"19800819","HOU","HOU02",39415
"19800820","HOU","HOU02",32112
"19800821","HOU","HOU02",33884
"19800822","HOU","HOU02",34118
"19800823","HOU","HOU02",25031
"19800824","HOU","HOU02",25703
"19800905","HOU","HOU02",19628
"19800906","HOU","HOU02",0
"19800906","HOU","HOU02",34350
"19800907","HOU","HOU02",16475
"19800909","HOU","HOU02",34546
"19800910","HOU","HOU02",37632
"19800912","HOU","HOU02",23380
"19800913","HOU","HOU02",32526
"19800914","HOU","HOU02",18471
"19800915","HOU","HOU02",9578
"19800916","HOU","HOU02",20383
"19800926","HOU","HOU02",42486
"19800927","HOU","HOU02",40305
"19800928","HOU","HOU02",32756
"19800930","HOU","HOU02",31973
"19801001","HOU","HOU02",35600
"19801002","HOU","HOU02",45022
"19800410","KCA","KAN06",34901
"19800411","KCA","KAN06",14605
"19800412","KCA","KAN06",16130
"19800413","KCA","KAN06",17720
"19800421","KCA","KAN06",21117
"19800422","KCA","KAN06",16993
"19800423","KCA","KAN06",18855
"19800425","KCA","KAN06",20436
"19800426","KCA","KAN06",25925
"19800427","KCA","KAN06",20496
"19800502","KCA","KAN06",25965
"19800503","KCA","KAN06",28760
"19800504","KCA","KAN06",24209
"19800516","KCA","KAN06",22264
"19800517","KCA","KAN06",30326
"19800518","KCA","KAN06",25382
"19800519","KCA","KAN06",28889
"19800520","KCA","KAN06",23698
"19800521","KCA","KAN06",24030
"19800522","KCA","KAN06",23124
"19800530","KCA","KAN06",26550
"19800531","KCA","KAN06",29050
"19800601","KCA","KAN06",33428
"19800602","KCA","KAN06",39261
"19800603","KCA","KAN06",26734
"19800604","KCA","KAN06",27234
"19800616","KCA","KAN06",39457
"19800617","KCA","KAN06",25324
"19800618","KCA","KAN06",23736
"19800619","KCA","KAN06",21158
"19800620","KCA","KAN06",38179
"19800621","KCA","KAN06",40344
"19800622","KCA","KAN06",39592
"19800630","KCA","KAN06",33540
"19800701","KCA","KAN06",20224
"19800702","KCA","KAN06",26225
"19800703","KCA","KAN06",21777
"19800704","KCA","KAN06",27891
"19800705","KCA","KAN06",30617
"19800706","KCA","KAN06",28458
"19800710","KCA","KAN06",23684
"19800711","KCA","KAN06",31017
"19800721","KCA","KAN06",37054
"19800722","KCA","KAN06",28891
"19800723","KCA","KAN06",25105
"19800724","KCA","KAN06",29052
"19800725","KCA","KAN06",40039
"19800726","KCA","KAN06",41860
"19800727","KCA","KAN06",40057
"19800729","KCA","KAN06",35042
"19800730","KCA","KAN06",31468
"19800731","KCA","KAN06",33500
"19800811","KCA","KAN06",41334
"19800812","KCA","KAN06",34913
"19800813","KCA","KAN06",35600
"19800815","KCA","KAN06",34861
"19800816","KCA","KAN06",39631
"19800817","KCA","KAN06",30693
"19800821","KCA","KAN06",32139
"19800822","KCA","KAN06",34526
"19800823","KCA","KAN06",40192
"19800824","KCA","KAN06",30593
"19800828","KCA","KAN06",25944
"19800829","KCA","KAN06",32781
"19800830","KCA","KAN06",34557
"19800831","KCA","KAN06",37390
"19800901","KCA","KAN06",28597
"19800903","KCA","KAN06",23037
"19800904","KCA","KAN06",21898
"19800917","KCA","KAN06",0
"19800917","KCA","KAN06",25908
"19800918","KCA","KAN06",19559
"19800919","KCA","KAN06",29493
"19800920","KCA","KAN06",37523
"19800921","KCA","KAN06",41329
"19800930","KCA","KAN06",17272
"19801001","KCA","KAN06",15604
"19801002","KCA","KAN06",15241
"19801003","KCA","KAN06",20714
"19801004","KCA","KAN06",23751
"19801005","KCA","KAN06",25603
"19800417","LAN","LOS03",45476
"19800418","LAN","LOS03",41112
"19800419","LAN","LOS03",50112
"19800420","LAN","LOS03",39442
"19800421","LAN","LOS03",29779
"19800422","LAN","LOS03",21691
"19800423","LAN","LOS03",24822
"19800424","LAN","LOS03",30687
"19800425","LAN","LOS03",39720
"19800426","LAN","LOS03",48568
"19800427","LAN","LOS03",42756
"19800512","LAN","LOS03",36401
"19800513","LAN","LOS03",32331
"19800514","LAN","LOS03",29001
"19800516","LAN","LOS03",47929
"19800517","LAN","LOS03",50082
"19800518","LAN","LOS03",49867
"19800519","LAN","LOS03",34297
"19800520","LAN","LOS03",29710
"19800521","LAN","LOS03",31174
"19800529","LAN","LOS03",24630
"19800530","LAN","LOS03",32200
"19800531","LAN","LOS03",40161
"19800601","LAN","LOS03",49320
"19800602","LAN","LOS03",31368
"19800603","LAN","LOS03",44962
"19800604","LAN","LOS03",45541
"19800616","LAN","LOS03",41340
"19800617","LAN","LOS03",40786
"19800618","LAN","LOS03",41229
"19800619","LAN","LOS03",35819
"19800620","LAN","LOS03",48608
"19800621","LAN","LOS03",41605
"19800622","LAN","LOS03",43298
"19800630","LAN","LOS03",29756
"19800701","LAN","LOS03",38801
"19800702","LAN","LOS03",33232
"19800703","LAN","LOS03",31375
"19800704","LAN","LOS03",49846
"19800705","LAN","LOS03",41587
"19800706","LAN","LOS03",46244
"19800710","LAN","LOS03",49692
"19800711","LAN","LOS03",42754
"19800725","LAN","LOS03",50546
"19800726","LAN","LOS03",50125
"19800727","LAN","LOS03",42363
"19800728","LAN","LOS03",46973
"19800729","LAN","LOS03",47013
"19800730","LAN","LOS03",50308
"19800801","LAN","LOS03",43549
"19800802","LAN","LOS03",49520
"19800803","LAN","LOS03",31833
"19800811","LAN","LOS03",32118
"19800812","LAN","LOS03",35905
"19800813","LAN","LOS03",36345
"19800815","LAN","LOS03",50933
"19800816","LAN","LOS03",42743
"19800817","LAN","LOS03",47177
"19800829","LAN","LOS03",50810
"19800830","LAN","LOS03",35778
"19800831","LAN","LOS03",0
"19800831","LAN","LOS03",48542
"19800901","LAN","LOS03",30460
"19800902","LAN","LOS03",27543
"19800903","LAN","LOS03",28568
"19800904","LAN","LOS03",41864
"19800905","LAN","LOS03",41019
"19800906","LAN","LOS03",45995
"19800907","LAN","LOS03",39083
"19800917","LAN","LOS03",28822
"19800918","LAN","LOS03",30738
"19800919","LAN","LOS03",46609
"19800920","LAN","LOS03",50240
"19800921","LAN","LOS03",43716
"19800922","LAN","LOS03",25078
"19800923","LAN","LOS03",29226
"19800924","LAN","LOS03",35581
"19800925","LAN","LOS03",33460
"19801003","LAN","LOS03",49642
"19801004","LAN","LOS03",46085
"19801005","LAN","LOS03",52339
"19801006","LAN","LOS03",51127
"19800410","MIL","MIL05",53313
"19800412","MIL","MIL05",16962
"19800413","MIL","MIL05",17574
"19800421","MIL","MIL05",10414
"19800422","MIL","MIL05",15898
"19800423","MIL","MIL05",9053
"19800425","MIL","MIL05",9902
"19800426","MIL","MIL05",11038
"19800427","MIL","MIL05",11099
"19800506","MIL","MIL05",17042
"19800507","MIL","MIL05",12790
"19800508","MIL","MIL05",10455
"19800509","MIL","MIL05",34784
"19800510","MIL","MIL05",31494
"19800511","MIL","MIL05",19635
"19800513","MIL","MIL05",8653
"19800514","MIL","MIL05",11232
"19800515","MIL","MIL05",22733
"19800523","MIL","MIL05",14322
"19800524","MIL","MIL05",22241
"19800525","MIL","MIL05",31895
"19800526","MIL","MIL05",26302
"19800527","MIL","MIL05",11904
"19800528","MIL","MIL05",10627
"19800606","MIL","MIL05",35192
"19800607","MIL","MIL05",38011
"19800608","MIL","MIL05",40892
"19800610","MIL","MIL05",17085
"19800611","MIL","MIL05",23194
"19800612","MIL","MIL05",29140
"19800613","MIL","MIL05",30740
"19800614","MIL","MIL05",50605
"19800615","MIL","MIL05",28389
"19800630","MIL","MIL05",19725
"19800701","MIL","MIL05",20769
"19800702","MIL","MIL05",18494
"19800703","MIL","MIL05",15298
"19800704","MIL","MIL05",21198
"19800705","MIL","MIL05",34524
"19800706","MIL","MIL05",34200
"19800710","MIL","MIL05",0
"19800710","MIL","MIL05",40942
"19800711","MIL","MIL05",41993
"19800715","MIL","MIL05",26042
"19800716","MIL","MIL05",31977
"19800717","MIL","MIL05",44509
"19800718","MIL","MIL05",46951
"19800719","MIL","MIL05",49322
"19800720","MIL","MIL05",44799
"19800731","MIL","MIL05",43308
"19800801","MIL","MIL05",48317
"19800802","MIL","MIL05",52283
"19800803","MIL","MIL05",51749
"19800808","MIL","MIL05",27629
"19800809","MIL","MIL05",37690
"19800810","MIL","MIL05",0
"19800810","MIL","MIL05",33857
"19800812","MIL","MIL05",0
"19800812","MIL","MIL05",18820
"19800813","MIL","MIL05",14304
"19800814","MIL","MIL05",21115
"19800818","MIL","MIL05",22237
"19800819","MIL","MIL05",40318
"19800820","MIL","MIL05",20520
"19800825","MIL","MIL05",15912
"19800826","MIL","MIL05",16824
"19800827","MIL","MIL05",18815
"19800905","MIL","MIL05",25076
"19800906","MIL","MIL05",23397
"19800907","MIL","MIL05",18201
"19800917","MIL","MIL05",0
"19800917","MIL","MIL05",6980
"19800918","MIL","MIL05",0
"19800918","MIL","MIL05",6039
"19800919","MIL","MIL05",7470
"19800920","MIL","MIL05",23328
"19800921","MIL","MIL05",9642
"19800922","MIL","MIL05",5301
"19800923","MIL","MIL05",6195
"19800924","MIL","MIL05",5974
"19801004","MIL","MIL05",9116
"19801005","MIL","MIL05",9813
"19800422","MIN","MIN02",36268
"19800423","MIN","MIN02",4772
"19800425","MIN","MIN02",2664
"19800426","MIN","MIN02",6325
"19800427","MIN","MIN02",19859
"19800428","MIN","MIN02",2544
"19800429","MIN","MIN02",2580
"19800430","MIN","MIN02",2891
"19800502","MIN","MIN02",17067
"19800503","MIN","MIN02",12054
"19800504","MIN","MIN02",13085
"19800516","MIN","MIN02",12331
"19800517","MIN","MIN02",13394
"19800518","MIN","MIN02",17929
"19800526","MIN","MIN02",5436
"19800527","MIN","MIN02",4362
"19800528","MIN","MIN02",4256
"19800529","MIN","MIN02",5204
"19800530","MIN","MIN02",4889
"19800531","MIN","MIN02",8288
"19800602","MIN","MIN02",6322
"19800603","MIN","MIN02",8346
"19800606","MIN","MIN02",5495
"19800607","MIN","MIN02",5375
"19800608","MIN","MIN02",0
"19800608","MIN","MIN02",17869
"19800619","MIN","MIN02",14704
"19800620","MIN","MIN02",7668
"19800621","MIN","MIN02",7665
"19800622","MIN","MIN02",9676
"19800623","MIN","MIN02",7525
"19800624","MIN","MIN02",0
"19800624","MIN","MIN02",11556
"19800625","MIN","MIN02",9150
"19800703","MIN","MIN02",7612
"19800704","MIN","MIN02",32948
"19800705","MIN","MIN02",9398
"19800706","MIN","MIN02",9614
"19800712","MIN","MIN02",14963
"19800713","MIN","MIN02",8573
"19800714","MIN","MIN02",11060
"19800721","MIN","MIN02",0
"19800721","MIN","MIN02",15373
"19800722","MIN","MIN02",11554
"19800723","MIN","MIN02",10793
"19800725","MIN","MIN02",0
"19800725","MIN","MIN02",23998
"19800726","MIN","MIN02",18961
"19800727","MIN","MIN02",26008
"19800728","MIN","MIN02",23182
"19800729","MIN","MIN02",26501
"19800730","MIN","MIN02",27020
"19800812","MIN","MIN02",13181
"19800813","MIN","MIN02",11615
"19800814","MIN","MIN02",13077
"19800815","MIN","MIN02",14685
"19800817","MIN","MIN02",0
"19800817","MIN","MIN02",16400
"19800818","MIN","MIN02",2508
"19800819","MIN","MIN02",6902
"19800820","MIN","MIN02",4198
"19800821","MIN","MIN02",0
"19800821","MIN","MIN02",8687
"19800822","MIN","MIN02",12473
"19800823","MIN","MIN02",7062
"19800824","MIN","MIN02",11859
"19800901","MIN","MIN02",4304
"19800902","MIN","MIN02",2934
"19800903","MIN","MIN02",2877
"19800909","MIN","MIN02",6348
"19800910","MIN","MIN02",6722
"19800919","MIN","MIN02",2911
"19800921","MIN","MIN02",0
"19800921","MIN","MIN02",4066
"19800922","MIN","MIN02",2377
"19800923","MIN","MIN02",2427
"19800924","MIN","MIN02",2863
"19800926","MIN","MIN02",9837
"19800927","MIN","MIN02",6848
"19800928","MIN","MIN02",6938
"19800418","MON","MON02",41222
"19800419","MON","MON02",23088
"19800420","MON","MON02",25722
"19800421","MON","MON02",10327
"19800422","MON","MON02",7373
"19800423","MON","MON02",8161
"19800502","MON","MON02",8953
"19800503","MON","MON02",18622
"19800504","MON","MON02",0
"19800504","MON","MON02",33483
"19800505","MON","MON02",5477
"19800506","MON","MON02",5503
"19800507","MON","MON02",7386
"19800509","MON","MON02",8674
"19800510","MON","MON02",14012
"19800516","MON","MON02",14457
"19800517","MON","MON02",22702
"19800519","MON","MON02",20656
"19800520","MON","MON02",11071
"19800521","MON","MON02",13606
"19800602","MON","MON02",15271
"19800603","MON","MON02",22502
"19800604","MON","MON02",13297
"19800605","MON","MON02",19420
"19800606","MON","MON02",25151
"19800607","MON","MON02",32068
"19800608","MON","MON02",0
"19800608","MON","MON02",46871
"19800610","MON","MON02",17439
"19800611","MON","MON02",13948
"19800612","MON","MON02",20724
"19800613","MON","MON02",34655
"19800614","MON","MON02",44585
"19800615","MON","MON02",36176
"19800627","MON","MON02",44232
"19800628","MON","MON02",38065
"19800629","MON","MON02",46186
"19800630","MON","MON02",36347
"19800701","MON","MON02",33761
"19800702","MON","MON02",23233
"19800710","MON","MON02",31019
"19800711","MON","MON02",25910
"19800712","MON","MON02",0
"19800712","MON","MON02",48620
"19800713","MON","MON02",31095
"19800725","MON","MON02",50217
"19800726","MON","MON02",42400
"19800727","MON","MON02",41107
"19800728","MON","MON02",0
"19800728","MON","MON02",40301
"19800729","MON","MON02",28445
"19800730","MON","MON02",28196
"19800801","MON","MON02",30168
"19800802","MON","MON02",41785
"19800803","MON","MON02",38356
"19800804","MON","MON02",0
"19800804","MON","MON02",51466
"19800805","MON","MON02",33821
"19800806","MON","MON02",25437
"19800807","MON","MON02",20962
"19800819","MON","MON02",45320
"19800820","MON","MON02",32630
"19800821","MON","MON02",33523
"19800822","MON","MON02",26443
"19800823","MON","MON02",41354
"19800824","MON","MON02",37650
"19800825","MON","MON02",32602
"19800827","MON","MON02",24294
"19800909","MON","MON02",27659
"19800910","MON","MON02",17874
"19800911","MON","MON02",24703
"19800912","MON","MON02",36992
"19800913","MON","MON02",51305
"19800914","MON","MON02",56137
"19800929","MON","MON02",34064
"19800930","MON","MON02",30759
"19801001","MON","MON02",20063
"19801003","MON","MON02",57121
"19801004","MON","MON02",50794
"19801005","MON","MON02",30104
"19800418","NYA","NYC16",47362
"19800419","NYA","NYC16",23132
"19800420","NYA","NYC16",32427
"19800421","NYA","NYC16",21419
"19800422","NYA","NYC16",16812
"19800423","NYA","NYC16",24302
"19800425","NYA","NYC16",17076
"19800426","NYA","NYC16",18020
"19800427","NYA","NYC16",20431
"19800509","NYA","NYC16",27225
"19800510","NYA","NYC16",28015
"19800511","NYA","NYC16",30680
"19800512","NYA","NYC16",17010
"19800513","NYA","NYC16",20107
"19800514","NYA","NYC16",21953
"19800516","NYA","NYC16",30068
"19800517","NYA","NYC16",28173
"19800518","NYA","NYC16",48030
"19800526","NYA","NYC16",28170
"19800527","NYA","NYC16",20150
"19800528","NYA","NYC16",26382
"19800530","NYA","NYC16",24319
"19800531","NYA","NYC16",25158
"19800601","NYA","NYC16",52049
"19800616","NYA","NYC16",20862
"19800617","NYA","NYC16",20835
"19800618","NYA","NYC16",30876
"19800619","NYA","NYC16",24143
"19800620","NYA","NYC16",45935
"19800621","NYA","NYC16",51598
"19800622","NYA","NYC16",45745
"19800623","NYA","NYC16",50139
"19800624","NYA","NYC16",40161
"19800625","NYA","NYC16",46500
"19800627","NYA","NYC16",30421
"19800628","NYA","NYC16",42192
"19800629","NYA","NYC16",53231
"19800715","NYA","NYC16",30747
"19800716","NYA","NYC16",28005
"19800717","NYA","NYC16",25035
"19800718","NYA","NYC16",44170
"19800719","NYA","NYC16",53583
"19800720","NYA","NYC16",50328
"19800721","NYA","NYC16",32097
"19800722","NYA","NYC16",0
"19800722","NYA","NYC16",53668
"19800723","NYA","NYC16",41015
"19800804","NYA","NYC16",28603
"19800805","NYA","NYC16",38337
"19800806","NYA","NYC16",34746
"19800808","NYA","NYC16",54130
"19800809","NYA","NYC16",48109
"19800810","NYA","NYC16",54123
"19800811","NYA","NYC16",28292
"19800812","NYA","NYC16",27883
"19800813","NYA","NYC16",33775
"19800828","NYA","NYC16",30215
"19800829","NYA","NYC16",30005
"19800830","NYA","NYC16",40047
"19800831","NYA","NYC16",43024
"19800901","NYA","NYC16",31103
"19800902","NYA","NYC16",23516
"19800903","NYA","NYC16",27091
"19800904","NYA","NYC16",20967
"19800905","NYA","NYC16",30109
"19800906","NYA","NYC16",37781
"19800907","NYA","NYC16",38794
"19800916","NYA","NYC16",20281
"19800917","NYA","NYC16",22516
"19800918","NYA","NYC16",20129
"19800919","NYA","NYC16",50505
"19800920","NYA","NYC16",50257
"19800921","NYA","NYC16",54033
"19800922","NYA","NYC16",16024
"19800923","NYA","NYC16",24061
"19800924","NYA","NYC16",22159
"19800925","NYA","NYC16",21441
"19801002","NYA","NYC16",24316
"19801004","NYA","NYC16",0
"19801004","NYA","NYC16",55410
"19801005","NYA","NYC16",35879
"19800410","NYN","NYC17",12219
"19800411","NYN","NYC17",4460
"19800412","NYN","NYC17",10781
"19800413","NYN","NYC17",11273
"19800415","NYN","NYC17",3207
"19800416","NYN","NYC17",2052
"19800430","NYN","NYC17",4559
"19800501","NYN","NYC17",5928
"19800502","NYN","NYC17",8037
"19800503","NYN","NYC17",9462
"19800504","NYN","NYC17",0
"19800504","NYN","NYC17",26980
"19800505","NYN","NYC17",11412
"19800506","NYN","NYC17",6884
"19800507","NYN","NYC17",5215
"19800520","NYN","NYC17",8466
"19800521","NYN","NYC17",4233
"19800522","NYN","NYC17",7812
"19800523","NYN","NYC17",7864
"19800524","NYN","NYC17",7221
"19800525","NYN","NYC17",13624
"19800603","NYN","NYC17",6368
"19800604","NYN","NYC17",8566
"19800605","NYN","NYC17",7202
"19800606","NYN","NYC17",18352
"19800607","NYN","NYC17",13509
"19800608","NYN","NYC17",0
"19800608","NYN","NYC17",29329
"19800610","NYN","NYC17",14759
"19800611","NYN","NYC17",23540
"19800612","NYN","NYC17",19501
"19800613","NYN","NYC17",24679
"19800614","NYN","NYC17",22918
"19800615","NYN","NYC17",44910
"19800701","NYN","NYC17",17531
"19800702","NYN","NYC17",10511
"19800703","NYN","NYC17",12585
"19800704","NYN","NYC17",0
"19800704","NYN","NYC17",25323
"19800705","NYN","NYC17",51097
"19800706","NYN","NYC17",21880
"19800710","NYN","NYC17",21540
"19800711","NYN","NYC17",30907
"19800712","NYN","NYC17",26313
"19800713","NYN","NYC17",0
"19800713","NYN","NYC17",27941
"19800725","NYN","NYC17",27897
"19800726","NYN","NYC17",18407
"19800727","NYN","NYC17",21015
"19800728","NYN","NYC17",12737
"19800729","NYN","NYC17",9512
"19800730","NYN","NYC17",16561
"19800801","NYN","NYC17",16612
"19800802","NYN","NYC17",45426
"19800803","NYN","NYC17",22492
"19800814","NYN","NYC17",20149
"19800815","NYN","NYC17",40436
"19800816","NYN","NYC17",23514
"19800817","NYN","NYC17",0
"19800817","NYN","NYC17",25458
"19800819","NYN","NYC17",13871
"19800820","NYN","NYC17",13488
"19800821","NYN","NYC17",10505
"19800822","NYN","NYC17",21936
"19800823","NYN","NYC17",32440
"19800824","NYN","NYC17",24956
"19800826","NYN","NYC17",9844
"19800827","NYN","NYC17",16612
"19800910","NYN","NYC17",6748
"19800911","NYN","NYC17",6376
"19800912","NYN","NYC17",8053
"19800913","NYN","NYC17",7259
"19800914","NYN","NYC17",10003
"19800916","NYN","NYC17",0
"19800916","NYN","NYC17",5832
"19800917","NYN","NYC17",5723
"19800926","NYN","NYC17",6081
"19800927","NYN","NYC17",5603
"19800928","NYN","NYC17",16309
"19800929","NYN","NYC17",1787
"19800930","NYN","NYC17",1754
"19801001","NYN","NYC17",2392
"19800410","OAK","OAK01",24415
"19800411","OAK","OAK01",5729
"19800412","OAK","OAK01",5783
"19800413","OAK","OAK01",6300
"19800414","OAK","OAK01",5260
"19800415","OAK","OAK01",2140
"19800416","OAK","OAK01",2418
"19800418","OAK","OAK01",6570
"19800419","OAK","OAK01",5239
"19800420","OAK","OAK01",0
"19800420","OAK","OAK01",9014
"19800502","OAK","OAK01",8636
"19800503","OAK","OAK01",7062
"19800504","OAK","OAK01",0
"19800504","OAK","OAK01",18217
"19800505","OAK","OAK01",12605
"19800506","OAK","OAK01",24309
"19800507","OAK","OAK01",4731
"19800510","OAK","OAK01",4925
"19800511","OAK","OAK01",7843
"19800523","OAK","OAK01",4141
"19800524","OAK","OAK01",5061
"19800525","OAK","OAK01",10549
"19800526","OAK","OAK01",21882
"19800527","OAK","OAK01",4488
"19800528","OAK","OAK01",4094
"19800606","OAK","OAK01",15947
"19800607","OAK","OAK01",13005
"19800608","OAK","OAK01",18738
"19800609","OAK","OAK01",20162
"19800610","OAK","OAK01",3873
"19800611","OAK","OAK01",5635
"19800613","OAK","OAK01",0
"19800613","OAK","OAK01",47768
"19800614","OAK","OAK01",26410
"19800615","OAK","OAK01",47186
"19800623","OAK","OAK01",17666
"19800624","OAK","OAK01",4899
"19800625","OAK","OAK01",6856
"19800627","OAK","OAK01",8482
"19800628","OAK","OAK01",5204
"19800629","OAK","OAK01",7369
"19800710","OAK","OAK01",0
"19800710","OAK","OAK01",11337
"19800711","OAK","OAK01",7696
"19800716","OAK","OAK01",7413
"19800717","OAK","OAK01",6370
"19800718","OAK","OAK01",5912
"19800719","OAK","OAK01",6506
"19800720","OAK","OAK01",10606
"19800721","OAK","OAK01",14588
"19800722","OAK","OAK01",0
"19800722","OAK","OAK01",8645
"19800723","OAK","OAK01",4765
"19800804","OAK","OAK01",16741
"19800805","OAK","OAK01",4651
"19800806","OAK","OAK01",6697
"19800808","OAK","OAK01",6283
"19800809","OAK","OAK01",13629
"19800810","OAK","OAK01",0
"19800810","OAK","OAK01",13062
"19800819","OAK","OAK01",11934
"19800820","OAK","OAK01",7569
"19800821","OAK","OAK01",11357
"19800822","OAK","OAK01",11115
"19800823","OAK","OAK01",10578
"19800824","OAK","OAK01",18160
"19800825","OAK","OAK01",49300
"19800826","OAK","OAK01",32146
"19800908","OAK","OAK01",9731
"19800909","OAK","OAK01",2443
"19800910","OAK","OAK01",3598
"19800912","OAK","OAK01",17440
"19800913","OAK","OAK01",11253
"19800914","OAK","OAK01",10756
"19800923","OAK","OAK01",3069
"19800924","OAK","OAK01",2836
"19800925","OAK","OAK01",3180
"19800926","OAK","OAK01",5099
"19800927","OAK","OAK01",4581
"19800928","OAK","OAK01",10662
"19800411","PHI","PHI12",48460
"19800412","PHI","PHI12",22065
"19800413","PHI","PHI12",28132
"19800421","PHI","PHI12",23856
"19800422","PHI","PHI12",21341
"19800423","PHI","PHI12",23025
"19800425","PHI","PHI12",30516
"19800426","PHI","PHI12",25168
"19800427","PHI","PHI12",28200
"19800502","PHI","PHI12",30294
"19800503","PHI","PHI12",35011
"19800504","PHI","PHI12",34027
"19800505","PHI","PHI12",26165
"19800506","PHI","PHI12",25302
"19800519","PHI","PHI12",25109
"19800520","PHI","PHI12",25202
"19800521","PHI","PHI12",26099
"19800523","PHI","PHI12",27822
"19800524","PHI","PHI12",28539
"19800525","PHI","PHI12",37349
"19800526","PHI","PHI12",45394
"19800527","PHI","PHI12",35989
"19800528","PHI","PHI12",30209
"19800529","PHI","PHI12",30630
"19800606","PHI","PHI12",30189
"19800607","PHI","PHI12",31153
"19800608","PHI","PHI12",40206
"19800609","PHI","PHI12",28702
"19800610","PHI","PHI12",32635
"19800611","PHI","PHI12",37844
"19800613","PHI","PHI12",37873
"19800614","PHI","PHI12",35231
"19800615","PHI","PHI12",36374
"19800624","PHI","PHI12",32101
"19800625","PHI","PHI12",31416
"19800626","PHI","PHI12",31696
"19800627","PHI","PHI12",37123
"19800628","PHI","PHI12",0
"19800628","PHI","PHI12",47169
"19800629","PHI","PHI12",41113
"19800710","PHI","PHI12",33130
"19800711","PHI","PHI12",50204
"19800712","PHI","PHI12",53254
"19800713","PHI","PHI12",48132
"19800714","PHI","PHI12",44245
"19800725","PHI","PHI12",0
"19800725","PHI","PHI12",38408
"19800726","PHI","PHI12",33112
"19800727","PHI","PHI12",35249
"19800728","PHI","PHI12",30181
"19800729","PHI","PHI12",30252
"19800730","PHI","PHI12",31342
"19800801","PHI","PHI12",37409
"19800802","PHI","PHI12",43244
"19800803","PHI","PHI12",41328
"19800806","PHI","PHI12",31629
"19800807","PHI","PHI12",31397
"19800819","PHI","PHI12",30588
"19800820","PHI","PHI12",30403
"19800821","PHI","PHI12",36201
"19800822","PHI","PHI12",36073
"19800823","PHI","PHI12",38541
"19800824","PHI","PHI12",37325
"19800825","PHI","PHI12",34267
"19800826","PHI","PHI12",35358
"19800827","PHI","PHI12",39116
"19800908","PHI","PHI12",40576
"19800909","PHI","PHI12",43333
"19800912","PHI","PHI12",0
"19800912","PHI","PHI12",44093
"19800913","PHI","PHI12",41728
"19800914","PHI","PHI12",30137
"19800924","PHI","PHI12",24258
"19800925","PHI","PHI12",20525
"19800926","PHI","PHI12",50887
"19800927","PHI","PHI12",53058
"19800928","PHI","PHI12",40305
"19800929","PHI","PHI12",21127
"19800930","PHI","PHI12",24349
"19801001","PHI","PHI12",25658
"19801002","PHI","PHI12",23806
"19800414","PIT","PIT07",44088
"19800417","PIT","PIT07",5233
"19800418","PIT","PIT07",10196
"19800419","PIT","PIT07",12642
"19800420","PIT","PIT07",35567
"19800429","PIT","PIT07",8498
"19800430","PIT","PIT07",8545
"19800501","PIT","PIT07",8426
"19800502","PIT","PIT07",11476
"19800503","PIT","PIT07",34104
"19800504","PIT","PIT07",14358
"19800506","PIT","PIT07",9817
"19800507","PIT","PIT07",11404
"19800521","PIT","PIT07",0
"19800521","PIT","PIT07",17301
"19800522","PIT","PIT07",12496
"19800523","PIT","PIT07",9619
"19800524","PIT","PIT07",11591
"19800525","PIT","PIT07",42626
"19800530","PIT","PIT07",17101
"19800531","PIT","PIT07",13901
"19800601","PIT","PIT07",49626
"19800602","PIT","PIT07",19990
"19800603","PIT","PIT07",22141
"19800604","PIT","PIT07",31075
"19800613","PIT","PIT07",31854
"19800614","PIT","PIT07",33922
"19800615","PIT","PIT07",49541
"19800616","PIT","PIT07",19940
"19800617","PIT","PIT07",25565
"19800630","PIT","PIT07",16591
"19800701","PIT","PIT07",17006
"19800702","PIT","PIT07",15250
"19800703","PIT","PIT07",14062
"19800704","PIT","PIT07",0
"19800704","PIT","PIT07",24668
"19800705","PIT","PIT07",46372
"19800706","PIT","PIT07",25994
"19800715","PIT","PIT07",17114
"19800716","PIT","PIT07",18226
"19800717","PIT","PIT07",25508
"19800718","PIT","PIT07",30131
"19800719","PIT","PIT07",28731
"19800720","PIT","PIT07",0
"19800720","PIT","PIT07",41932
"19800801","PIT","PIT07",22304
"19800803","PIT","PIT07",0
"19800803","PIT","PIT07",20517
"19800808","PIT","PIT07",30354
"19800809","PIT","PIT07",39984
"19800810","PIT","PIT07",0
"19800810","PIT","PIT07",37323
"19800811","PIT","PIT07",13790
"19800812","PIT","PIT07",18754
"19800813","PIT","PIT07",19514
"19800815","PIT","PIT07",29721
"19800816","PIT","PIT07",32390
"19800817","PIT","PIT07",0
"19800817","PIT","PIT07",49412
"19800825","PIT","PIT07",15657
"19800826","PIT","PIT07",14695
"19800827","PIT","PIT07",12363
"19800828","PIT","PIT07",17406
"19800829","PIT","PIT07",41494
"19800830","PIT","PIT07",24493
"19800831","PIT","PIT07",21774
"19800901","PIT","PIT07",0
"19800901","PIT","PIT07",26374
"19800903","PIT","PIT07",18502
"19800916","PIT","PIT07",22239
"19800917","PIT","PIT07",23650
"19800919","PIT","PIT07",17593
"19800920","PIT","PIT07",22084
"19800921","PIT","PIT07",20320
"19800922","PIT","PIT07",18416
"19800923","PIT","PIT07",26729
"19800924","PIT","PIT07",4297
"19800925","PIT","PIT07",6805
"19801003","PIT","PIT07",5270
"19801004","PIT","PIT07",2717
"19801005","PIT","PIT07",20588
"19800410","SDN","SAN01",29535
"19800411","SDN","SAN01",20569
"19800412","SDN","SAN01",22410
"19800413","SDN","SAN01",16314
"19800414","SDN","SAN01",28650
"19800415","SDN","SAN01",19325
"19800416","SDN","SAN01",24861
"19800430","SDN","SAN01",9018
"19800501","SDN","SAN01",12131
"19800509","SDN","SAN01",34078
"19800510","SDN","SAN01",18168
"19800511","SDN","SAN01",22522
"19800513","SDN","SAN01",9958
"19800514","SDN","SAN01",11131
"19800515","SDN","SAN01",10265
"19800516","SDN","SAN01",19028
"19800517","SDN","SAN01",26587
"19800518","SDN","SAN01",16303
"19800529","SDN","SAN01",11677
"19800530","SDN","SAN01",26777
"19800531","SDN","SAN01",29316
"19800601","SDN","SAN01",21044
"19800602","SDN","SAN01",27176
"19800603","SDN","SAN01",12363
"19800604","SDN","SAN01",13619
"19800616","SDN","SAN01",8395
"19800617","SDN","SAN01",11448
"19800618","SDN","SAN01",15621
"19800619","SDN","SAN01",16712
"19800620","SDN","SAN01",14266
"19800621","SDN","SAN01",13726
"19800622","SDN","SAN01",14388
"19800624","SDN","SAN01",10772
"19800625","SDN","SAN01",11336
"19800626","SDN","SAN01",11321
"19800627","SDN","SAN01",15303
"19800628","SDN","SAN01",0
"19800628","SDN","SAN01",17554
"19800629","SDN","SAN01",11938
"19800712","SDN","SAN01",39605
"19800713","SDN","SAN01",18232
"19800714","SDN","SAN01",22370
"19800722","SDN","SAN01",17504
"19800723","SDN","SAN01",14608
"19800724","SDN","SAN01",15746
"19800725","SDN","SAN01",12815
"19800726","SDN","SAN01",15310
"19800727","SDN","SAN01",11381
"19800728","SDN","SAN01",15775
"19800729","SDN","SAN01",11802
"19800730","SDN","SAN01",12036
"19800811","SDN","SAN01",16346
"19800812","SDN","SAN01",15579
"19800813","SDN","SAN01",13141
"19800814","SDN","SAN01",12150
"19800815","SDN","SAN01",14177
"19800817","SDN","SAN01",0
"19800817","SDN","SAN01",16120
"19800829","SDN","SAN01",10742
"19800830","SDN","SAN01",0
"19800830","SDN","SAN01",13209
"19800831","SDN","SAN01",7815
"19800901","SDN","SAN01",9385
"19800902","SDN","SAN01",6082
"19800903","SDN","SAN01",6685
"19800904","SDN","SAN01",2635
"19800905","SDN","SAN01",7137
"19800906","SDN","SAN01",7877
"19800907","SDN","SAN01",5141
"19800909","SDN","SAN01",6241
"19800910","SDN","SAN01",6834
"19800919","SDN","SAN01",5893
"19800920","SDN","SAN01",7180
"19800921","SDN","SAN01",2846
"19800922","SDN","SAN01",16513
"19800923","SDN","SAN01",4788
"19800924","SDN","SAN01",7757
"19800925","SDN","SAN01",5309
"19800926","SDN","SAN01",14836
"19800927","SDN","SAN01",19260
"19800928","SDN","SAN01",17971
"19800409","SEA","SEA02",22588
"19800411","SEA","SEA02",6104
"19800412","SEA","SEA02",6773
"19800413","SEA","SEA02",4567
"19800417","SEA","SEA02",5466
"19800418","SEA","SEA02",0
"19800418","SEA","SEA02",7006
"19800419","SEA","SEA02",11151
"19800420","SEA","SEA02",8225
"19800421","SEA","SEA02",4466
"19800422","SEA","SEA02",4059
"19800423","SEA","SEA02",4075
"19800425","SEA","SEA02",9083
"19800426","SEA","SEA02",20152
"19800427","SEA","SEA02",6109
"19800506","SEA","SEA02",5821
"19800507","SEA","SEA02",4934
"19800508","SEA","SEA02",6950
"19800509","SEA","SEA02",23229
"19800510","SEA","SEA02",10690
"19800511","SEA","SEA02",6683
"19800519","SEA","SEA02",5767
"19800520","SEA","SEA02",6243
"19800521","SEA","SEA02",8219
"19800523","SEA","SEA02",7009
"19800524","SEA","SEA02",24048
"19800525","SEA","SEA02",8071
"19800606","SEA","SEA02",28156
"19800607","SEA","SEA02",43594
"19800608","SEA","SEA02",22175
"19800609","SEA","SEA02",10132
"19800610","SEA","SEA02",10223
"19800611","SEA","SEA02",10086
"19800612","SEA","SEA02",10049
"19800613","SEA","SEA02",10048
"19800614","SEA","SEA02",15856
"19800615","SEA","SEA02",23674
"19800627","SEA","SEA02",12099
"19800628","SEA","SEA02",22154
"19800629","SEA","SEA02",10015
"19800630","SEA","SEA02",5658
"19800701","SEA","SEA02",6005
"19800702","SEA","SEA02",8692
"19800710","SEA","SEA02",9051
"19800711","SEA","SEA02",7688
"19800716","SEA","SEA02",5644
"19800717","SEA","SEA02",5726
"19800718","SEA","SEA02",7479
"19800719","SEA","SEA02",16525
"19800720","SEA","SEA02",7583
"19800721","SEA","SEA02",5050
"19800722","SEA","SEA02",5727
"19800723","SEA","SEA02",6387
"19800812","SEA","SEA02",16313
"19800813","SEA","SEA02",9369
"19800814","SEA","SEA02",7326
"19800815","SEA","SEA02",6238
"19800816","SEA","SEA02",17111
"19800817","SEA","SEA02",5484
"19800819","SEA","SEA02",15043
"19800820","SEA","SEA02",14143
"19800821","SEA","SEA02",16400
"19800822","SEA","SEA02",10792
"19800823","SEA","SEA02",16072
"19800824","SEA","SEA02",16920
"19800825","SEA","SEA02",6478
"19800826","SEA","SEA02",7767
"19800912","SEA","SEA02",8622
"19800913","SEA","SEA02",9618
"19800914","SEA","SEA02",7387
"19800915","SEA","SEA02",4141
"19800916","SEA","SEA02",5149
"19800917","SEA","SEA02",5435
"19800918","SEA","SEA02",4293
"19800922","SEA","SEA02",8643
"19800923","SEA","SEA02",10879
"19800924","SEA","SEA02",11180
"19800925","SEA","SEA02",4472
"19800926","SEA","SEA02",9535
"19800927","SEA","SEA02",12496
"19800928","SEA","SEA02",7616
"19800417","SFN","SFO02",51123
"19800418","SFN","SFO02",12241
"19800419","SFN","SFO02",11024
"19800420","SFN","SFO02",26048
"19800425","SFN","SFO02",15345
"19800426","SFN","SFO02",13360
"19800427","SFN","SFO02",32084
"19800429","SFN","SFO02",16940
"19800430","SFN","SFO02",19006
"19800513","SFN","SFO02",13798
"19800514","SFN","SFO02",8734
"19800515","SFN","SFO02",7781
"19800516","SFN","SFO02",16860
"19800517","SFN","SFO02",12134
"19800518","SFN","SFO02",21351
"19800520","SFN","SFO02",8652
"19800521","SFN","SFO02",8929
"19800530","SFN","SFO02",10511
"19800531","SFN","SFO02",11649
"19800601","SFN","SFO02",19801
"19800602","SFN","SFO02",3768
"19800603","SFN","SFO02",9294
"19800604","SFN","SFO02",5593
"19800616","SFN","SFO02",4756
"19800617","SFN","SFO02",19362
"19800618","SFN","SFO02",5035
"19800619","SFN","SFO02",5179
"19800620","SFN","SFO02",9490
"19800621","SFN","SFO02",11809
"19800622","SFN","SFO02",27315
"19800627","SFN","SFO02",20285
"19800628","SFN","SFO02",25145
"19800629","SFN","SFO02",0
"19800629","SFN","SFO02",50229
"19800630","SFN","SFO02",5716
"19800701","SFN","SFO02",20220
"19800702","SFN","SFO02",10459
"19800703","SFN","SFO02",26133
"19800710","SFN","SFO02",8175
"19800711","SFN","SFO02",7782
"19800725","SFN","SFO02",22830
"19800726","SFN","SFO02",28566
"19800727","SFN","SFO02",31186
"19800729","SFN","SFO02",22991
"19800730","SFN","SFO02",12165
"19800731","SFN","SFO02",9982
"19800801","SFN","SFO02",12389
"19800802","SFN","SFO02",10392
"19800803","SFN","SFO02",0
"19800803","SFN","SFO02",28497
"19800811","SFN","SFO02",10755
"19800812","SFN","SFO02",29770
"19800813","SFN","SFO02",10149
"19800814","SFN","SFO02",5448
"19800815","SFN","SFO02",10556
"19800816","SFN","SFO02",14634
"19800817","SFN","SFO02",21029
"19800829","SFN","SFO02",9269
"19800830","SFN","SFO02",11270
"19800831","SFN","SFO02",0
"19800831","SFN","SFO02",18640
"19800901","SFN","SFO02",16952
"19800902","SFN","SFO02",6135
"19800903","SFN","SFO02",5504
"19800904","SFN","SFO02",4038
"19800905","SFN","SFO02",7698
"19800906","SFN","SFO02",6653
"19800907","SFN","SFO02",8314
"19800917","SFN","SFO02",2164
"19800918","SFN","SFO02",2151
"19800919","SFN","SFO02",4377
"19800920","SFN","SFO02",16770
"19800921","SFN","SFO02",19844
"19800922","SFN","SFO02",3003
"19800923","SFN","SFO02",6326
"19800930","SFN","SFO02",10953
"19801001","SFN","SFO02",11307
"19801002","SFN","SFO02",11693
"19801003","SFN","SFO02",2740
"19801004","SFN","SFO02",3194
"19801005","SFN","SFO02",14680
"19800410","SLN","STL09",42867
"19800411","SLN","STL09",16998
"19800412","SLN","STL09",15662
"19800413","SLN","STL09",16301
"19800415","SLN","STL09",8166
"19800416","SLN","STL09",10911
"19800428","SLN","STL09",11812
"19800429","SLN","STL09",12665
"19800430","SLN","STL09",16195
"19800502","SLN","STL09",23009
"19800503","SLN","STL09",23292
"19800504","SLN","STL09",17262
"19800505","SLN","STL09",10366
"19800506","SLN","STL09",11490
"19800507","SLN","STL09",12464
"19800509","SLN","STL09",23394
"19800510","SLN","STL09",27450
"19800511","SLN","STL09",17696
"19800523","SLN","STL09",7245
"19800524","SLN","STL09",14990
"19800525","SLN","STL09",14157
"19800526","SLN","STL09",8470
"19800527","SLN","STL09",10658
"19800528","SLN","STL09",12161
"19800530","SLN","STL09",13229
"19800531","SLN","STL09",19106
"19800601","SLN","STL09",30016
"19800613","SLN","STL09",24022
"19800614","SLN","STL09",29844
"19800615","SLN","STL09",36379
"19800616","SLN","STL09",16809
"19800617","SLN","STL09",13524
"19800623","SLN","STL09",20422
"19800624","SLN","STL09",21858
"19800625","SLN","STL09",26102
"19800703","SLN","STL09",0
"19800703","SLN","STL09",38038
"19800704","SLN","STL09",15481
"19800705","SLN","STL09",27932
"19800706","SLN","STL09",17769
"19800715","SLN","STL09",13519
"19800716","SLN","STL09",12343
"19800717","SLN","STL09",12156
"19800718","SLN","STL09",18950
"19800719","SLN","STL09",26513
"19800720","SLN","STL09",30271
"19800721","SLN","STL09",20224
"19800722","SLN","STL09",25174
"19800723","SLN","STL09",28654
"19800808","SLN","STL09",22932
"19800809","SLN","STL09",36262
"19800810","SLN","STL09",18711
"19800811","SLN","STL09",16647
"19800812","SLN","STL09",16570
"19800813","SLN","STL09",16187
"19800814","SLN","STL09",19475
"19800815","SLN","STL09",28888
"19800816","SLN","STL09",38710
"19800817","SLN","STL09",30812
"19800825","SLN","STL09",9185
"19800826","SLN","STL09",10859
"19800827","SLN","STL09",10025
"19800828","SLN","STL09",7203
"19800829","SLN","STL09",11551
"19800830","SLN","STL09",19681
"19800831","SLN","STL09",27821
"19800901","SLN","STL09",9761
"19800902","SLN","STL09",8389
"19800903","SLN","STL09",8522
"19800908","SLN","STL09",6307
"19800909","SLN","STL09",7893
"19800910","SLN","STL09",10300
"19800911","SLN","STL09",7521
"19800919","SLN","STL09",10251
"19800920","SLN","STL09",10916
"19800921","SLN","STL09",10068
"19800922","SLN","STL09",5654
"19800923","SLN","STL09",6915
"19801003","SLN","STL09",8309
"19801004","SLN","STL09",13954
"19801005","SLN","STL09",9460
"19800410","TEX","ARL01",33196
"19800411","TEX","ARL01",21424
"19800413","TEX","ARL01",0
"19800413","TEX","ARL01",13882
"19800414","TEX","ARL01",8656
"19800415","TEX","ARL01",11895
"19800416","TEX","ARL01",11557
"19800421","TEX","ARL01",14834
"19800422","TEX","ARL01",14650
"19800423","TEX","ARL01",13334
"19800502","TEX","ARL01",21962
"19800503","TEX","ARL01",25402
"19800504","TEX","ARL01",14653
"19800505","TEX","ARL01",12702
"19800506","TEX","ARL01",11349
"19800507","TEX","ARL01",13866
"19800509","TEX","ARL01",23600
"19800510","TEX","ARL01",24327
"19800511","TEX","ARL01",17849
"19800519","TEX","ARL01",15833
"19800520","TEX","ARL01",16803
"19800521","TEX","ARL01",16232
"19800522","TEX","ARL01",15308
"19800530","TEX","ARL01",26613
"19800531","TEX","ARL01",24305
"19800601","TEX","ARL01",17892
"19800605","TEX","ARL01",16512
"19800606","TEX","ARL01",26367
"19800607","TEX","ARL01",24530
"19800608","TEX","ARL01",16179
"19800618","TEX","ARL01",12750
"19800619","TEX","ARL01",12763
"19800620","TEX","ARL01",13747
"19800621","TEX","ARL01",17846
"19800622","TEX","ARL01",13650
"19800624","TEX","ARL01",11324
"19800625","TEX","ARL01",14029
"19800626","TEX","ARL01",9531
"19800627","TEX","ARL01",10818
"19800628","TEX","ARL01",14336
"19800629","TEX","ARL01",22342
"19800710","TEX","ARL01",34463
"19800711","TEX","ARL01",32378
"19800712","TEX","ARL01",27784
"19800713","TEX","ARL01",12503
"19800714","TEX","ARL01",9446
"19800715","TEX","ARL01",13777
"19800716","TEX","ARL01",11256
"19800717","TEX","ARL01",13489
"19800729","TEX","ARL01",15808
"19800730","TEX","ARL01",12704
"19800731","TEX","ARL01",14969
"19800801","TEX","ARL01",18325
"19800802","TEX","ARL01",24722
"19800803","TEX","ARL01",32015
"19800808","TEX","ARL01",14138
"19800809","TEX","ARL01",19021
"19800810","TEX","ARL01",11752
"19800818","TEX","ARL01",17609
"19800819","TEX","ARL01",17800
"19800820","TEX","ARL01",16996
"19800822","TEX","ARL01",0
"19800822","TEX","ARL01",15514
"19800823","TEX","ARL01",10632
"19800824","TEX","ARL01",8425
"19800901","TEX","ARL01",8224
"19800902","TEX","ARL01",6903
"19800903","TEX","ARL01",6984
"19800915","TEX","ARL01",6941
"19800916","TEX","ARL01",7295
"19800917","TEX","ARL01",7255
"19800918","TEX","ARL01",7560
"19800919","TEX","ARL01",9024
"19800920","TEX","ARL01",10938
"19800921","TEX","ARL01",6794
"19801002","TEX","ARL01",0
"19801002","TEX","ARL01",8022
"19801003","TEX","ARL01",11226
"19801004","TEX","ARL01",9241
"19801005","TEX","ARL01",7384
"19800416","TOR","TOR01",12688
"19800417","TOR","TOR01",11235
"19800429","TOR","TOR01",11553
"19800430","TOR","TOR01",14029
"19800501","TOR","TOR01",11654
"19800502","TOR","TOR01",14292
"19800503","TOR","TOR01",16564
"19800504","TOR","TOR01",0
"19800504","TOR","TOR01",26114
"19800514","TOR","TOR01",13055
"19800515","TOR","TOR01",11579
"19800516","TOR","TOR01",16138
"19800517","TOR","TOR01",23074
"19800518","TOR","TOR01",14414
"19800519","TOR","TOR01",32731
"19800520","TOR","TOR01",18167
"19800521","TOR","TOR01",19556
"19800522","TOR","TOR01",26047
"19800523","TOR","TOR01",24585
"19800524","TOR","TOR01",31021
"19800525","TOR","TOR01",33077
"19800602","TOR","TOR01",15079
"19800603","TOR","TOR01",15589
"19800604","TOR","TOR01",16677
"19800613","TOR","TOR01",20034
"19800614","TOR","TOR01",24184
"19800615","TOR","TOR01",30143
"19800616","TOR","TOR01",14691
"19800617","TOR","TOR01",15229
"19800618","TOR","TOR01",0
"19800618","TOR","TOR01",21443
"19800627","TOR","TOR01",18494
"19800628","TOR","TOR01",20059
"19800629","TOR","TOR01",22026
"19800630","TOR","TOR01",18399
"19800701","TOR","TOR01",23475
"19800702","TOR","TOR01",18461
"19800710","TOR","TOR01",17178
"19800711","TOR","TOR01",16621
"19800712","TOR","TOR01",23624
"19800713","TOR","TOR01",0
"19800713","TOR","TOR01",26331
"19800714","TOR","TOR01",19443
"19800725","TOR","TOR01",16248
"19800726","TOR","TOR01",0
"19800726","TOR","TOR01",18067
"19800727","TOR","TOR01",17080
"19800728","TOR","TOR01",14457
"19800729","TOR","TOR01",16704
"19800730","TOR","TOR01",17654
"19800801","TOR","TOR01",16145
"19800802","TOR","TOR01",22051
"19800803","TOR","TOR01",20404
"19800808","TOR","TOR01",0
"19800808","TOR","TOR01",22146
"19800809","TOR","TOR01",21300
"19800810","TOR","TOR01",23473
"19800825","TOR","TOR01",15517
"19800826","TOR","TOR01",15478
"19800827","TOR","TOR01",15442
"19800828","TOR","TOR01",14035
"19800829","TOR","TOR01",14358
"19800830","TOR","TOR01",18376
"19800831","TOR","TOR01",18029
"19800904","TOR","TOR01",12365
"19800905","TOR","TOR01",14091
"19800907","TOR","TOR01",0
"19800907","TOR","TOR01",17457
"19800908","TOR","TOR01",23020
"19800909","TOR","TOR01",22471
"19800910","TOR","TOR01",23031
"19800911","TOR","TOR01",14025
"19800912","TOR","TOR01",15632
"19800913","TOR","TOR01",18043
"19800914","TOR","TOR01",19117
"19800926","TOR","TOR01",15187
"19800927","TOR","TOR01",21533
"19800928","TOR","TOR01",32042
"19800929","TOR","TOR01",12051
"19800930","TOR","TOR01",12119
"19801001","TOR","TOR01",12426
